,frame,eye_position
0,Liheng_5_1.mp4 0,"[[339 190  30  30]
 [366 236  22  22]]"
1,Liheng_5_1.mp4 1,"[[406 196  31  31]
 [334 190  32  32]]"
2,Liheng_5_1.mp4 2,"[[340 191  27  27]
 [411 198  27  27]]"
3,Liheng_5_1.mp4 3,"[[339 189  28  28]
 [409 195  28  28]]"
4,Liheng_5_1.mp4 4,"[[343 190  26  26]
 [376 186  40  40]]"
5,Liheng_5_1.mp4 5,"[[341 191  25  25]
 [408 194  28  28]]"
6,Liheng_5_1.mp4 6,"[[338 192  27  27]
 [406 194  29  29]]"
7,Liheng_5_1.mp4 7,"[[339 195  25  25]
 [363 232  28  28]]"
8,Liheng_5_1.mp4 8,"[[336 194  29  29]
 [403 195  31  31]]"
9,Liheng_5_1.mp4 9,"[[337 200  27  27]
 [407 201  29  29]]"
10,Liheng_5_10.mp4 0,"[[311 219  24  24]
 [376 239  24  24]]"
11,Liheng_5_10.mp4 1,"[[308 218  23  23]
 [371 237  26  26]]"
12,Liheng_5_10.mp4 2,[[304 219  23  23]]
13,Liheng_5_10.mp4 3,"[[302 219  22  22]
 [366 236  24  24]]"
14,Liheng_5_10.mp4 4,"[[304 217  23  23]
 [366 234  28  28]]"
15,Liheng_5_10.mp4 5,"[[304 217  23  23]
 [276 197  46  46]]"
16,Liheng_5_10.mp4 6,"[[302 216  24  24]
 [273 192  52  52]]"
17,Liheng_5_10.mp4 7,"[[303 216  22  22]
 [361 233  27  27]]"
18,Liheng_5_10.mp4 8,"[[301 216  23  23]
 [269 192  50  50]]"
19,Liheng_5_10.mp4 9,"[[282 214  25  25]
 [268 198  45  45]]"
20,Liheng_5_11.mp4 0,"[[228 209  22  22]
 [275 221  22  22]]"
21,Liheng_5_11.mp4 1,[[228 209  22  22]]
22,Liheng_5_11.mp4 2,[[226 208  24  24]]
23,Liheng_5_11.mp4 3,[[233 209  22  22]]
24,Liheng_5_11.mp4 4,"[[230 208  22  22]
 [238 207  24  24]]"
25,Liheng_5_11.mp4 5,"[[230 207  24  24]
 [280 220  23  23]]"
26,Liheng_5_11.mp4 6,[[232 209  24  24]]
27,Liheng_5_11.mp4 7,[[273 220  24  24]]
28,Liheng_5_11.mp4 8,"[[228 211  22  22]
 [234 209  24  24]]"
29,Liheng_5_11.mp4 9,"[[234 211  23  23]
 [275 222  25  25]]"
30,Liheng_5_12.mp4 0,()
31,Liheng_5_12.mp4 1,"[[233 213  26  26]
 [258 218  24  24]]"
32,Liheng_5_12.mp4 2,[[236 196  53  53]]
33,Liheng_5_12.mp4 3,"[[222 209  22  22]
 [231 208  35  35]]"
34,Liheng_5_12.mp4 4,"[[216 208  22  22]
 [223 209  23  23]]"
35,Liheng_5_12.mp4 5,"[[237 197  49  49]
 [259 220  23  23]]"
36,Liheng_5_12.mp4 6,"[[221 209  24  24]
 [256 219  23  23]]"
37,Liheng_5_12.mp4 7,"[[215 208  22  22]
 [232 212  23  23]]"
38,Liheng_5_12.mp4 8,()
39,Liheng_5_12.mp4 9,"[[252 214  28  28]
 [246 210  52  52]]"
40,Liheng_5_13.mp4 0,[[401 238  25  25]]
41,Liheng_5_13.mp4 1,()
42,Liheng_5_13.mp4 2,()
43,Liheng_5_13.mp4 3,()
44,Liheng_5_13.mp4 4,()
45,Liheng_5_13.mp4 5,()
46,Liheng_5_13.mp4 6,()
47,Liheng_5_13.mp4 7,[[307 229  30  30]]
48,Liheng_5_13.mp4 8,[[334 282  22  22]]
49,Liheng_5_13.mp4 9,()
50,Liheng_5_13.mp4 10,()
51,Liheng_5_14.mp4 0,()
52,Liheng_5_14.mp4 1,()
53,Liheng_5_14.mp4 2,()
54,Liheng_5_14.mp4 3,[[296 238  28  28]]
55,Liheng_5_14.mp4 4,"[[292 224  39  39]
 [322 284  22  22]]"
56,Liheng_5_14.mp4 5,"[[370 240  27  27]
 [325 231  54  54]]"
57,Liheng_5_14.mp4 6,()
58,Liheng_5_14.mp4 7,[[290 234  28  28]]
59,Liheng_5_14.mp4 8,()
60,Liheng_5_14.mp4 9,()
61,Liheng_5_14.mp4 10,()
62,Liheng_5_15.mp4 0,[[270 237  27  27]]
63,Liheng_5_15.mp4 1,()
64,Liheng_5_15.mp4 2,()
65,Liheng_5_15.mp4 3,"[[269 236  26  26]
 [248 236  27  27]]"
66,Liheng_5_15.mp4 4,[[269 236  25  25]]
67,Liheng_5_15.mp4 5,[[268 235  25  25]]
68,Liheng_5_15.mp4 6,[[266 237  25  25]]
69,Liheng_5_15.mp4 7,[[265 237  24  24]]
70,Liheng_5_15.mp4 8,"[[242 234  27  27]
 [265 237  26  26]]"
71,Liheng_5_15.mp4 9,[[265 240  24  24]]
72,Liheng_5_16.mp4 0,[[272 240  24  24]]
73,Liheng_5_16.mp4 1,"[[252 231  32  32]
 [275 241  22  22]]"
74,Liheng_5_16.mp4 2,[[274 241  22  22]]
75,Liheng_5_16.mp4 3,[[278 239  24  24]]
76,Liheng_5_16.mp4 4,[[277 237  23  23]]
77,Liheng_5_16.mp4 5,"[[277 232  25  25]
 [254 221  43  43]]"
78,Liheng_5_16.mp4 6,"[[277 234  24  24]
 [298 236  41  41]]"
79,Liheng_5_16.mp4 7,[[278 235  25  25]]
80,Liheng_5_16.mp4 8,"[[277 235  24  24]
 [251 220  48  48]]"
81,Liheng_5_16.mp4 9,[[276 239  24  24]]
82,Liheng_5_17.mp4 0,"[[285 245  24  24]
 [234 230  27  27]]"
83,Liheng_5_17.mp4 1,[[285 245  22  22]]
84,Liheng_5_17.mp4 2,"[[238 231  22  22]
 [288 243  24  24]]"
85,Liheng_5_17.mp4 3,"[[231 224  23  23]
 [239 226  24  24]]"
86,Liheng_5_17.mp4 4,"[[238 227  23  23]
 [288 239  24  24]]"
87,Liheng_5_17.mp4 5,[[238 224  24  24]]
88,Liheng_5_17.mp4 6,"[[241 225  23  23]
 [291 234  23  23]]"
89,Liheng_5_17.mp4 7,[[232 219  28  28]]
90,Liheng_5_17.mp4 8,"[[236 225  24  24]
 [282 234  25  25]]"
91,Liheng_5_17.mp4 9,[[235 226  25  25]]
92,Liheng_5_17.mp4 10,"[[235 229  25  25]
 [287 241  22  22]]"
93,Liheng_5_18.mp4 0,"[[229 224  24  24]
 [276 234  23  23]]"
94,Liheng_5_18.mp4 1,()
95,Liheng_5_18.mp4 2,[[228 224  24  24]]
96,Liheng_5_18.mp4 3,[[226 222  26  26]]
97,Liheng_5_18.mp4 4,"[[227 223  22  22]
 [273 235  22  22]]"
98,Liheng_5_18.mp4 5,"[[220 216  28  28]
 [265 220  65  65]]"
99,Liheng_5_18.mp4 6,"[[230 224  22  22]
 [273 236  23  23]]"
100,Liheng_5_18.mp4 7,"[[220 222  22  22]
 [226 223  24  24]]"
101,Liheng_5_18.mp4 8,"[[224 226  23  23]
 [268 236  24  24]]"
102,Liheng_5_18.mp4 9,"[[224 229  23  23]
 [270 238  23  23]]"
103,Liheng_5_2.mp4 0,"[[302 184  26  26]
 [368 191  23  23]]"
104,Liheng_5_2.mp4 1,"[[300 185  27  27]
 [373 190  29  29]]"
105,Liheng_5_2.mp4 2,"[[306 188  26  26]
 [375 193  28  28]]"
106,Liheng_5_2.mp4 3,"[[306 187  26  26]
 [375 192  24  24]]"
107,Liheng_5_2.mp4 4,"[[308 185  27  27]
 [379 190  29  29]]"
108,Liheng_5_2.mp4 5,"[[305 184  28  28]
 [328 224  27  27]]"
109,Liheng_5_2.mp4 6,"[[304 184  28  28]
 [374 189  28  28]]"
110,Liheng_5_2.mp4 7,"[[301 186  27  27]
 [373 190  29  29]]"
111,Liheng_5_2.mp4 8,"[[300 187  27  27]
 [372 192  26  26]]"
112,Liheng_5_2.mp4 9,"[[301 186  28  28]
 [372 191  28  28]]"
113,Liheng_5_3.mp4 0,"[[326 184  29  29]
 [260 190  24  24]]"
114,Liheng_5_3.mp4 1,"[[328 186  28  28]
 [262 189  25  25]]"
115,Liheng_5_3.mp4 2,"[[264 188  26  26]
 [331 187  28  28]]"
116,Liheng_5_3.mp4 3,"[[329 184  31  31]
 [264 191  24  24]]"
117,Liheng_5_3.mp4 4,"[[265 189  26  26]
 [332 186  29  29]]"
118,Liheng_5_3.mp4 5,"[[333 186  29  29]
 [267 188  27  27]]"
119,Liheng_5_3.mp4 6,"[[332 186  29  29]
 [266 189  26  26]]"
120,Liheng_5_3.mp4 7,"[[265 192  25  25]
 [330 189  29  29]]"
121,Liheng_5_3.mp4 8,"[[266 194  25  25]
 [284 232  22  22]]"
122,Liheng_5_3.mp4 9,"[[267 195  25  25]
 [332 189  32  32]]"
123,Liheng_5_4.mp4 0,"[[318 197  30  30]
 [260 199  23  23]]"
124,Liheng_5_4.mp4 1,[[260 198  24  24]]
125,Liheng_5_4.mp4 2,"[[231 177  67  67]
 [260 198  23  23]]"
126,Liheng_5_4.mp4 3,"[[262 198  24  24]
 [321 198  28  28]]"
127,Liheng_5_4.mp4 4,"[[323 197  28  28]
 [262 197  23  23]]"
128,Liheng_5_4.mp4 5,"[[321 195  32  32]
 [264 196  23  23]]"
129,Liheng_5_4.mp4 6,"[[263 196  23  23]
 [324 193  30  30]]"
130,Liheng_5_4.mp4 7,"[[322 197  26  26]
 [263 196  23  23]]"
131,Liheng_5_4.mp4 8,"[[316 194  36  36]
 [263 198  23  23]]"
132,Liheng_5_4.mp4 9,"[[262 199  23  23]
 [320 202  28  28]]"
133,Liheng_5_4.mp4 10,"[[254 162 101 101]
 [264 200  23  23]]"
134,Liheng_5_5.mp4 0,"[[237 202  26  26]
 [407 230  21  21]]"
135,Liheng_5_5.mp4 1,"[[239 201  27  27]
 [294 214  24  24]]"
136,Liheng_5_5.mp4 2,"[[239 202  25  25]
 [295 215  24  24]]"
137,Liheng_5_5.mp4 3,"[[237 201  28  28]
 [292 212  28  28]]"
138,Liheng_5_5.mp4 4,"[[237 202  25  25]
 [291 212  26  26]]"
139,Liheng_5_5.mp4 5,[[235 200  27  27]]
140,Liheng_5_5.mp4 6,"[[232 200  25  25]
 [261 190  62  62]]"
141,Liheng_5_5.mp4 7,"[[229 203  24  24]
 [272 210  32  32]]"
142,Liheng_5_5.mp4 8,"[[228 205  23  23]
 [278 215  25  25]]"
143,Liheng_5_5.mp4 9,"[[224 208  27  27]
 [278 219  25  25]]"
144,Liheng_5_6.mp4 0,"[[214 196  24  24]
 [263 194  25  25]]"
145,Liheng_5_6.mp4 1,"[[215 198  24  24]
 [268 201  23  23]]"
146,Liheng_5_6.mp4 2,"[[227 199  25  25]
 [220 199  24  24]]"
147,Liheng_5_6.mp4 3,[[223 195  26  26]]
148,Liheng_5_6.mp4 4,"[[227 196  26  26]
 [283 206  22  22]]"
149,Liheng_5_6.mp4 5,"[[227 197  25  25]
 [281 205  27  27]]"
150,Liheng_5_6.mp4 6,"[[230 195  27  27]
 [278 204  26  26]]"
151,Liheng_5_6.mp4 7,"[[220 197  27  27]
 [210 189  49  49]]"
152,Liheng_5_6.mp4 8,"[[226 198  25  25]
 [274 205  25  25]]"
153,Liheng_5_6.mp4 9,"[[222 199  24  24]
 [274 206  25  25]]"
154,Liheng_5_7.mp4 0,"[[330 212  27  27]
 [360 210  50  50]]"
155,Liheng_5_7.mp4 1,[[408 216  28  28]]
156,Liheng_5_7.mp4 2,[[357 203  58  58]]
157,Liheng_5_7.mp4 3,"[[337 208  26  26]
 [409 217  24  24]]"
158,Liheng_5_7.mp4 4,()
159,Liheng_5_7.mp4 5,[[357 254  24  24]]
160,Liheng_5_7.mp4 6,"[[330 209  25  25]
 [400 211  31  31]]"
161,Liheng_5_7.mp4 7,"[[330 209  26  26]
 [398 211  30  30]]"
162,Liheng_5_7.mp4 8,[[400 216  29  29]]
163,Liheng_5_7.mp4 9,"[[330 213  23  23]
 [400 217  26  26]]"
164,Liheng_5_8.mp4 0,[[314 214  23  23]]
165,Liheng_5_8.mp4 1,[[314 213  24  24]]
166,Liheng_5_8.mp4 2,"[[313 211  24  24]
 [384 218  25  25]]"
167,Liheng_5_8.mp4 3,"[[301 192  43  43]
 [312 209  27  27]]"
168,Liheng_5_8.mp4 4,[[312 208  27  27]]
169,Liheng_5_8.mp4 5,"[[312 207  27  27]
 [302 190  43  43]]"
170,Liheng_5_8.mp4 6,"[[296 182  51  51]
 [307 205  33  33]]"
171,Liheng_5_8.mp4 7,[[308 208  28  28]]
172,Liheng_5_8.mp4 8,[[309 208  27  27]]
173,Liheng_5_8.mp4 9,[[308 207  29  29]]
174,Liheng_5_9.mp4 0,[[268 219  26  26]]
175,Liheng_5_9.mp4 1,[[269 220  23  23]]
176,Liheng_5_9.mp4 2,[[269 215  27  27]]
177,Liheng_5_9.mp4 3,[[270 213  25  25]]
178,Liheng_5_9.mp4 4,[[270 212  25  25]]
179,Liheng_5_9.mp4 5,[[268 212  24  24]]
180,Liheng_5_9.mp4 6,[[267 212  26  26]]
181,Liheng_5_9.mp4 7,[[266 213  24  24]]
182,Liheng_5_9.mp4 8,[[264 214  25  25]]
183,Liheng_5_9.mp4 9,[[264 219  26  26]]
